session,param,ratio,param_value,fixed_point_success,fixed_point_residual_rms,max_real_lambda,leading_lambda_imag,stability_margin,motor_loading_fraction,motor_loading_enrichment,motor_E_loading_fraction,motor_I_loading_fraction,contra_motor_loading_density,ipsi_motor_loading_density,bilateral_motor_loading_density,local_motor_block_max_real_lambda
baseline,G,0.25,0.07460730787148202,True,2.3089763512425555e-15,-12.390356746721917,0.0,12.390356746721917,0.1489076731005222,1.0636262364323013,0.14890763215898337,0.14890875495308384,0.010856295760404502,0.010636262364312381,0.01074627906235844,-12.486127142951009
baseline,G,0.3149802624737183,0.09399931766326766,True,7.51359896996791e-14,-12.353976781745365,0.0,12.353976781745365,0.1489211950432035,1.0637228217371677,0.14892114318394048,0.14892256557928815,0.010858179880091277,0.010637228217361041,0.010747704048726159,-12.47507514926406
baseline,G,0.39685026299204984,0.11843171899970588,True,1.9227503210864306e-13,-12.30780830644552,0.0,12.30780830644552,0.14893846073247194,1.0638461480890853,0.1489383949481418,0.14894019958188964,0.01086057701322558,0.010638461480880209,0.010749519247052895,-12.46108146394801
baseline,G,0.5,0.14921461574296405,True,4.936214131045946e-13,-12.249102061995707,0.0,12.249102061995707,0.14896058587709618,1.0640041848364012,0.14896050227125884,0.14896279627551542,0.010863634955685791,0.010640041848353373,0.010751838402019582,-12.443339516909468
baseline,G,0.6299605249474366,0.18799863532653532,True,1.2718814153347714e-12,-12.174263475294909,0.0,12.174263475294909,0.14898906861937827,1.064207632995559,0.14898896210376417,0.14899188548119616,0.010867549236819247,0.010642076329944948,0.010754812783382098,-12.420806976136621
baseline,G,0.7937005259840998,0.2368634379994118,True,2.118835082780913e-15,-12.078544800192084,0.0,12.078544800192084,0.1490259529026692,1.0644710921619227,0.14902581676390672,0.1490295543919003,0.010872581923386512,0.010644710921608585,0.010758646422497548,-12.392127556254328
baseline,G,1.0,0.2984292314859281,True,1.9178841661442273e-15,-11.955592287246251,0.0,11.955592287246251,0.14907408328520474,1.0648148806086053,0.14907390854464134,0.1490787079361058,0.010879090156106669,0.010648148806075406,0.010763619481091037,-12.355520831470534
baseline,G,1.2599210498948732,0.37599727065307065,True,2.36991417572858e-15,-11.796756075859097,0.0,11.796756075859097,0.14913751836528574,1.0652679883234695,0.1491372927946035,0.14914349144022848,0.010887571184188347,0.010652679883224044,0.010770125533706196,-12.308622859167713
baseline,G,1.5874010519681994,0.4737268759988235,True,2.3738474276205074e-15,-11.58999152094833,0.0,11.58999152094833,0.14922223390460665,1.0658730993186187,0.14922194043415601,0.14923001004759381,0.010898736896723668,0.010658730993175531,0.0107787339449496,-12.248248216417764
baseline,G,1.9999999999999998,0.5968584629718561,True,2.0150681704373746e-15,-11.318012004973188,0.0,11.318012004973188,0.14933738965664167,1.0666956404045833,0.1493370036317103,0.14934762643408725,0.010913644654117574,0.010666956404035161,0.010790300529076367,-12.170020683646683
baseline,G,2.5198420997897464,0.7519945413061413,True,2.3720310173329147e-15,-10.954959213277636,0.0,10.954959213277636,0.14949778431055155,1.0678413165039395,0.14949726835188232,0.14951147986725938,0.0109339448170076,0.010678413165028714,0.010806178991018156,-12.067772421670764
baseline,G,3.1748021039363983,0.9474537519976469,True,2.408014939846231e-15,-10.459821971021231,0.0,10.459821971021231,0.14972909102638343,1.06949350733131,0.14972838427103094,0.14974787169850703,0.01096239782362335,0.010694935073302405,0.010828666448462879,-11.932509228732192
baseline,G,4.0,1.1937169259437124,True,2.177922380851095e-15,-9.761646674035743,0.0,9.761646674035743,0.1500806097664985,1.0720043554749892,0.1500796015377352,0.15010743141585398,0.011004114517435585,0.010720043554739172,0.010862079036087378,-11.750507103886854
baseline,w_EE,0.25,0.13477653370563097,True,1.2550617963057306e-14,-12.214337611635685,0.0,12.214337611635685,0.14896757912499606,1.0640541366071146,0.14896741356918744,0.14897195659234802,0.010866386462095767,0.010640541366060506,0.010753463914078137,-12.60430765801591
baseline,w_EE,0.3149802624737183,0.16980779184759034,True,8.403790116346291e-15,-12.192374334036277,0.0,12.192374334036277,0.14897653453899617,1.0641181038499725,0.1489763682209852,0.1489809325189008,0.010867450475975133,0.010641181038489088,0.01075431575723211,-12.583179537686718
baseline,w_EE,0.39685026299204984,0.21394441138494608,True,2.0667758731103436e-14,-12.164582820932768,0.0,12.164582820932768,0.14898788885349765,1.0641992060964116,0.14898772156642792,0.14899231291300552,0.010868800602441291,0.010641992060953478,0.010755396331697385,-12.55644748150657
baseline,w_EE,0.5,0.26955306741126195,True,5.2326826149717375e-14,-12.129375908516879,0.0,12.129375908516879,0.1490023088887825,1.0643022063484462,0.14900214036668885,0.14900676618573264,0.01087051703817095,0.010643022063473815,0.010756769550822384,-12.52258702518443
baseline,w_EE,0.6299605249474366,0.3396155836951807,True,1.334427235208866e-13,-12.084709276302446,0.0,12.084709276302446,0.14902066175560558,1.0644332982543254,0.1490204916546973,0.14902516154232492,0.010872704478217199,0.010644332982532608,0.010758518730374905,-12.479635591354524
baseline,w_EE,0.7937005259840998,0.4278888227698922,True,3.4107603928677357e-13,-12.02793412088409,0.0,12.02793412088409,0.1490440843971203,1.0646006028365735,0.1490439122699998,0.1490486387141787,0.010875500875574798,0.01064600602835509,0.010760753451964943,-12.425051900323696
baseline,w_EE,1.0,0.5391061348225239,True,8.738831279633037e-13,-11.955592287247969,0.0,11.955592287247969,0.14907408328520153,1.0648148806085822,0.14907390854463817,0.1490787079361025,0.010879090156107574,0.010648148806075177,0.010763619481091375,-12.35552083147285
baseline,w_EE,1.2599210498948732,0.6792311673903614,True,2.243217945255772e-12,-11.86312472342025,0.0,11.86312472342025,0.14911268130350194,1.0650905807392994,0.14911250317030122,0.1491173972569831,0.010883721224204754,0.010650905807382344,0.010767313515793549,-12.266676332340461
baseline,w_EE,1.5874010519681994,0.8557776455397843,True,5.761697085045101e-12,-11.744444711586658,0.0,11.744444711586658,0.14916264128015538,1.0654474377153955,0.1491624587059811,0.14916747674550293,0.010889737375845835,0.010654474377143303,0.010772105876494568,-12.152696849643434
baseline,w_EE,1.9999999999999998,1.0782122696450476,True,2.227752825466237e-15,-11.591291197293518,0.0,11.591291197293518,0.14922781959192818,1.0659129970852013,0.14922763114111817,0.14923281319520204,0.010897623743308962,0.010659129970841353,0.010778376857075157,-12.00569413085739
baseline,w_EE,2.5198420997897464,1.3584623347807228,True,2.1482582435772943e-15,-11.392206291782424,0.0,11.392206291782424,0.14931375218426185,1.066526801316156,0.14931355584541994,0.14931895802748213,0.010908087743402116,0.010665268013150897,0.010786677878276505,-11.814750166420069
baseline,w_EE,3.1748021039363983,1.7115552910795684,True,2.1381658594896178e-15,-11.130830315520036,0.0,11.130830315520036,0.14942868269509854,1.067347733536418,0.14942847556592764,0.1494341788080612,0.010922204112420326,0.01067347733535351,0.010797840723886917,-11.564317797916527
baseline,w_EE,4.0,2.1564245392900956,True,2.3134692684694744e-15,-10.782859739935857,0.0,10.782859739935857,0.14958549970767548,1.0684678550548248,0.1495852774363979,0.14959140299656265,0.010941697414444406,0.010684678550537563,0.010813187982490983,-11.231380349913794
baseline,w_EI,0.25,0.6146431275792773,True,1.952350745781835e-15,-9.648090183763735,0.0,9.648090183763735,0.150203778315838,1.0728841308274142,0.15020377403849597,0.1502057338530172,0.011022004721642262,0.010728841308263414,0.010875423014952838,-10.132377322812713
baseline,w_EI,0.3149802624737183,0.7744018146103515,True,1.981518732886871e-15,-9.880841932702685,0.0,9.880841932702685,0.15008439739710877,1.0720314099793482,0.1500843891904199,0.15008674196373267,0.01100609021244807,0.010720314099782764,0.010863202156115416,-10.355655293728416
baseline,w_EI,0.39685026299204984,0.975685147304369,True,2.110862163831873e-15,-10.163129557669656,0.0,10.163129557669656,0.14994127712682823,1.0710091223344873,0.14994126153774065,0.14994405564311708,0.010987291917164133,0.010710091223334162,0.010848691570249147,-10.626766792957755
baseline,w_EI,0.5,1.2292862551585546,True,2.010348815140893e-15,-10.503082586075985,0.0,10.503082586075985,0.14977132963474998,1.0697952116767855,0.14977130038032513,0.14977457668815916,0.010965346159903504,0.010697952116757156,0.01083164913833033,-10.953700153074218
baseline,w_EI,0.6299605249474366,1.548803629220703,True,2.825522369008579e-15,-10.909286260272783,0.0,10.909286260272783,0.14957167495211876,1.0683691068008483,0.14957162085537962,0.1495754065862364,0.010940053452705878,0.0106836910679978,0.01081187226035184,-11.344948364643468
baseline,w_EI,0.7937005259840998,1.9513702946087381,True,4.1584820042464074e-14,-11.390542700571785,0.0,11.390542700571785,0.14933986011167408,1.0667132865119575,0.14933976183750503,0.14934406397621655,0.010911302791385604,0.010667132865108911,0.010789217828247257,-11.809288992919363
baseline,w_EI,1.0,2.458572510317109,True,6.338308058564006e-13,-11.955592287245073,0.0,11.955592287245073,0.1490740832852629,1.0648148806090205,0.1490739085446995,0.1490787079361646,0.01087909015610865,0.010648148806079557,0.010763619481094104,-12.355520831468972
baseline,w_EI,1.2599210498948732,3.097607258441406,True,2.2922032906934543e-15,-12.61282371816545,0.0,12.61282371816545,0.14877339156692707,1.0626670826209075,0.14877308885566864,0.1487783363708301,0.01084352735516686,0.010626670826198448,0.010735099090682654,-12.992182390601275
baseline,w_EI,1.5874010519681994,3.902740589217476,True,2.376529730959107e-15,-13.370005224014164,0.0,13.370005224014164,0.1484378199417433,1.0602701424410235,0.1484373120617698,0.14844292812060492,0.01080483896992393,0.010602701424399629,0.010703770197161778,-13.727282162255829
baseline,w_EI,1.9999999999999998,4.9171450206342175,True,2.503932530789925e-15,-14.234066222458777,0.0,14.234066222458777,0.14806844520799384,1.0576317514856701,0.1480676263029632,0.14807350448250145,0.010763347475962226,0.010576317514846128,0.010669832495404177,-14.568069083983206
baseline,w_EI,2.5198420997897464,6.195214516882812,True,2.282705425022161e-15,-15.21094922004076,0.0,15.21094922004076,0.14766734124654093,1.054766723189578,0.1476660846177189,0.14767209916985832,0.010719448870289725,0.010547667231885232,0.01063355805108748,-15.520864228989135
baseline,w_EI,3.1748021039363983,7.805481178434951,True,3.6938067623509745e-14,-16.30553922844145,0.0,16.30553922844145,0.147237439965624,1.051695999754457,0.1472356253814932,0.1472416415357759,0.010673582873763807,0.010516959997534051,0.01059527143564893,-16.590964011362804
baseline,w_EI,4.0,9.834290041268437,True,2.6489327221737837e-15,-17.521666205304545,0.0,17.521666205304545,0.14678232524126242,1.0484451802947314,0.14677988646371057,0.14678577174051302,0.010626203103785472,0.010484451802936834,0.010555327453361154,-17.782614413030597
baseline,w_IE,0.25,0.7370521341282484,True,4.564191533516518e-15,-9.762240831278781,0.0,9.762240831278781,0.14923366984634534,1.0659547846167523,0.14922385521659196,0.14940358279193325,0.010904629289056805,0.010659547846156862,0.010782088567606835,-12.981141511842472
baseline,w_IE,0.3149802624737183,0.9286274986581197,True,6.130622992172693e-15,-10.903920361500479,0.0,10.903920361500479,0.14894441814029682,1.06388870100212,0.14893819135846836,0.14906153694424437,0.010873170153505519,0.010638887010010561,0.010756028581758042,-13.438630665351221
baseline,w_IE,0.39685026299204984,1.169997333070588,True,3.9100346369586155e-15,-11.765070077072153,0.0,11.765070077072153,0.14874018098673514,1.062429864190965,0.14873638882394002,0.1488173048288701,0.010849269437472336,0.01062429864189903,0.010736784039685685,-13.717243154844844
baseline,w_IE,0.5,1.4741042682564969,True,3.0134247747217296e-15,-12.311335772251889,0.0,12.311335772251889,0.1486486898907556,1.06177635636254,0.14864653149439142,0.1486959603682549,0.010836977305737518,0.010617763563614784,0.010727370434676151,-13.764487477706306
baseline,w_IE,0.6299605249474366,1.8572549973162393,True,2.4650545356677996e-15,-12.519127964498844,0.0,12.519127964498844,0.14867761845965397,1.0619829889975283,0.1486765086766827,0.1487036770793683,0.010837774212580214,0.01061982988996466,0.010728802051272437,-13.547803534129745
baseline,w_IE,0.7937005259840998,2.3399946661411763,True,4.1093552135852366e-15,-12.386449020993801,0.0,12.386449020993801,0.14882467666434476,1.0630334047453196,0.14882418513395923,0.14883698031305578,0.010852082261095951,0.010630334047442569,0.01074120815426926,-13.063177298514445
baseline,w_IE,1.0,2.9482085365129937,True,1.6072317902234802e-13,-11.955592287246022,0.0,11.955592287246022,0.1490740832852181,1.0648148806087006,0.14907390854465477,0.14907870793611963,0.010879090156106922,0.01064814880607636,0.01076361948109164,-12.355520831470162
baseline,w_IE,1.2599210498948732,3.7145099946324787,True,1.9745063671365147e-15,-11.339381955039016,0.0,11.339381955039016,0.14938552950054998,1.0670394964324998,0.14938548458781975,0.14938677182357843,0.010915337773298258,0.010670394964314331,0.010792866368806293,-11.541367221099282
baseline,w_IE,1.5874010519681994,4.679989332282352,True,2.1128438575141525e-15,-10.721775976636913,0.0,10.721775976636913,0.1496868359186903,1.0691916851335022,0.14968682867915017,0.14968704222411336,0.010952861508408903,0.010691916851324328,0.010822389179866616,-10.803145632356507
baseline,w_IE,1.9999999999999998,5.896417073025987,True,1.928396910470951e-12,-10.28256480302728,0.0,10.28256480302728,0.14990037983554708,1.0707169988253362,0.14990037921494254,0.1499003977930048,0.010981065755986489,0.010707169988242655,0.010844117872114572,-10.306611580344425
baseline,w_IE,2.5198420997897464,7.429019989264957,True,2.2080212224127407e-15,-10.07362828037765,0.0,10.07362828037765,0.15000249375104613,1.0714463839360437,0.15000249372699997,0.15000249444226513,0.010995076538455646,0.01071446383934972,0.010854770188902683,-10.078399824616687
baseline,w_IE,3.1748021039363983,9.359978664564702,True,1.0976685764562725e-11,-10.011616886236533,0.0,10.011616886236533,0.15003298533330398,1.0716641809521712,0.15003298533280499,0.15003298533880446,0.010999328988136199,0.010716641809510994,0.010857985398823596,-10.01219495832688
baseline,w_IE,4.0,11.792834146051975,True,1.4551499463828863e-09,-10.000987246833445,0.0,10.000987246833445,0.15003823555481335,1.071701682534381,0.15003823555465673,0.15003823555033022,0.01100006437823181,0.010717016825333095,0.010858540601782454,-10.001025240567396
followup6w,G,0.25,0.0553267730625588,True,2.1808748155042046e-15,-9.571839326301662,0.0,9.571839326301662,0.15012079684856514,1.0722914060611795,0.15012078357642322,0.15012659070613146,0.011010582275213435,0.010722914060601076,0.010866748167907253,-9.922958839541062
followup6w,G,0.3149802624737183,0.06970736600427448,True,2.630080619041315e-15,-9.401393417889865,0.0,9.401393417889865,0.15020021956864188,1.0728587112045846,0.15020020237859652,0.15020772428548643,0.011020898218402237,0.01072858711203512,0.010874742665218678,-9.850776797682885
followup6w,G,0.39685026299204984,0.08782577776151168,True,2.4757102182557955e-15,-9.178851008962916,0.0,9.178851008962916,0.15030721251229887,1.0736229465164204,0.15030719004028056,0.15031702350177067,0.011034563164200355,0.010736229465153473,0.010885396314676913,-9.756774182701342
followup6w,G,0.5,0.1106535461251176,True,2.346250895314014e-15,-8.884868088697985,0.0,8.884868088697985,0.15045439537473929,1.074674252676709,0.15045436560229825,0.15046739278294868,0.011052963548524421,0.010746742526756345,0.010899853037640383,-9.633032261302954
followup6w,G,0.6299605249474366,0.13941473200854895,True,2.310464541501097e-15,-8.489958423416274,0.0,8.489958423416274,0.15066288499802274,1.076163464271591,0.15066284474914768,0.15068045098078467,0.011078327809296481,0.010761634642705147,0.010919981226000814,-9.467638858726975
followup6w,G,0.7937005259840998,0.1756515555230234,True,2.218974516135767e-15,-7.9459898811749445,0.0,7.9459898811749445,0.15097114294392272,1.0783653067423051,0.15097108672833792,0.15099565815064742,0.011114543090510798,0.010783653067412266,0.010949098078961533,-9.241512152108394
followup6w,G,1.0,0.2213070922502352,True,2.4924074184091187e-15,-7.165619920548242,0.0,7.165619920548242,0.15145852564588025,1.0818466117562875,0.1514584423957373,0.1514947584322375,0.011169285374411628,0.010818466117552054,0.010993875745981842,-8.921013713296116
followup6w,G,1.2599210498948732,0.2788294640170979,True,1.8298161249906154e-14,-5.958374412274336,0.0,5.958374412274336,0.1523256606450011,1.0880404331785793,0.15232552080949416,0.1523861944244565,0.011261255624344307,0.010880404331774911,0.01107082997805961,-8.436462902955583
followup6w,G,1.5874010519681994,0.3513031110460467,True,2.9414834720047653e-15,-3.6909979284611656,0.0,3.6909979284611656,0.15432602712537086,1.1023287651812204,0.1543256752500572,0.1544752961497649,0.011461960022512272,0.01102328765180118,0.011242623837156726,-7.585933178983326
followup6w,G,1.9999999999999998,0.44261418450047035,True,0.17005098404904304,-3.954462822530758e-06,0.0,3.954462822530758e-06,0.15534421217093033,1.1096015155066452,0.15534455041228712,0.15519818290705317,0.011369901859585266,0.011096015155055358,0.011232958507320312,-6.144915664122759
followup6w,G,2.5198420997897464,0.5576589280341958,True,0.35053211323306466,1.845878391248945e-05,0.0,-1.845878391248945e-05,0.14466078943624405,1.0332913531160288,0.1446615517784348,0.14428807038492164,0.010574657151314818,0.010332913531149953,0.010453785341232385,-5.804069371974933
followup6w,G,3.1748021039363983,0.7026062220920933,True,0.431212629280681,3.046820318153287e-06,0.0,-3.046820318153287e-06,0.14193053584602974,1.0137895417573553,0.14193096930436372,0.1417038991448206,0.010326978381341747,0.010137895417563414,0.01023243689945258,-5.7027856264639745
followup6w,G,4.0,0.8852283690009408,True,0.45823455008702524,0.23379335352329889,0.0,-0.23379335352329889,0.14402076471590933,1.0287197479707808,0.14402126981963465,0.1437464536170926,0.010463932656655068,0.010287197479697517,0.010375565068176293,-5.5292110530073355
followup6w,w_EE,0.25,0.14587218785889436,True,2.466807134213536e-15,-9.27796249086977,0.0,9.27796249086977,0.15027656715198917,1.0734040510856369,0.15027651375033144,0.1502998755562235,0.01102757280320513,0.010734040510845635,0.010880806657025382,-10.723189289544809
followup6w,w_EE,0.3149802624737183,0.18378744007764036,True,2.7767452460891196e-15,-9.124748781903277,0.0,9.124748781903277,0.1503528174005031,1.0739486957178792,0.15035276228697278,0.1503768733309838,0.011036746577597052,0.010739486957168056,0.010888116767382553,-10.590331896655389
followup6w,w_EE,0.39685026299204984,0.2315576644601117,True,2.3283205948885306e-15,-8.925418386809188,0.0,8.925418386809188,0.1504539247323168,1.07467089094512,0.15045386730367705,0.1504789904369309,0.011048914640062657,0.010746708909440452,0.010897811774751555,-10.417950254613784
followup6w,w_EE,0.5,0.2917443757177887,True,2.330569426444865e-15,-8.663392250233086,0.0,8.663392250233086,0.15059027478184464,1.0756448198703188,0.15059021414968396,0.1506167354968162,0.011065324836117867,0.010756448198692429,0.010910886517405148,-10.19216958101921
followup6w,w_EE,0.6299605249474366,0.3675748801552807,True,2.541586409727617e-15,-8.313872146178559,0.0,8.313872146178559,0.1507786524211716,1.07699037443694,0.15077858720924067,0.15080710280179618,0.011087982877222699,0.010769903744358631,0.010928943310790664,-9.892497444146343
followup6w,w_EE,0.7937005259840998,0.46311532892022345,True,2.6423424605886983e-15,-7.837463919142537,0.0,7.837463919142537,0.15104853387270523,1.0789180990907514,0.15104846178670248,0.1510799602257025,0.011120373474819489,0.010789180990896726,0.010954777232858107,-9.486922904152907
followup6w,w_EE,1.0,0.5834887514355774,True,2.6690763649565592e-15,-7.165619920548208,0.0,7.165619920548208,0.15145852564588935,1.0818466117563523,0.15145844239574643,0.15149475843224677,0.01116928537441205,0.010818466117552704,0.010993875745982377,-8.92101371329611
followup6w,w_EE,1.2599210498948732,0.7351497603105615,True,3.540958827869084e-15,-6.159565966423951,0.0,6.159565966423951,0.15215158742865487,1.0867970530618203,0.15215148316119717,0.15219678208693382,0.011250644697202826,0.010867970530607332,0.01105930761390508,-8.08818581190195
followup6w,w_EE,1.5874010519681994,0.9262306578404468,True,3.144382109696748e-15,-4.437366430184947,0.0,4.437366430184947,0.15365286298032726,1.0975204498594804,0.15365270068088002,0.1537223305981319,0.011418581324793438,0.01097520449858383,0.011196892911688634,-6.710997392686216
followup6w,w_EE,1.9999999999999998,1.1669775028711546,True,0.06589563440583568,1.3484556973253348e-06,0.0,-1.3484556973253348e-06,0.15963465718153427,1.1402475512966732,0.15963436914488438,0.15975029756658937,0.011749852230520717,0.01140247551295533,0.011576163871738022,-3.487540842410729
followup6w,w_EE,2.5198420997897464,1.470299520621123,True,0.2923422772725184,1.1825836061518658e-06,0.0,-1.1825836061518658e-06,0.14377575449023128,1.0269696749302233,0.14377608799375527,0.14361903374673154,0.01048893167137552,0.010269696749291965,0.01037931421033374,-2.6271874766096808
followup6w,w_EE,3.1748021039363983,1.8524613156808933,True,0.4032206798516185,1.724354928821038e-05,0.0,-1.724354928821038e-05,0.14109639865867618,1.007831418990544,0.14109676170166616,0.14091200124376083,0.01014507747196473,0.010078314189895363,0.010111695830930047,-2.0119423441850013
followup6w,w_EE,4.0,2.3339550057423097,True,0.4522673102202652,7.784347715850126e-05,0.0,-7.784347715850126e-05,0.13943119934648363,0.9959371381891686,0.13943147549693585,0.1392841360618746,0.009954914072877146,0.009959371381881727,0.009957142727379437,-1.5468354820346275
followup6w,w_EI,0.25,0.1513780733232116,True,5.8760067856829575e-15,-4.648834283972299,0.0,4.648834283972299,0.15351487735779865,1.0965348382699902,0.15351487505399847,0.15353281871432678,0.011411238022246703,0.010965348382688936,0.011188293202467819,-6.82592827383315
followup6w,w_EI,0.3149802624737183,0.19072442107244386,True,2.3230073739735964e-15,-4.924235805140383,0.0,4.924235805140383,0.153246004525036,1.0946143180359713,0.15324600023179094,0.1532668023328444,0.011380658876761306,0.010946143180348766,0.011163401028555037,-7.048946317640412
followup6w,w_EI,0.39685026299204984,0.2402977128381853,True,2.4339218598098987e-15,-5.249266369444078,0.0,5.249266369444078,0.15294581416333866,1.0924701011667046,0.1529458062342626,0.1529696551858318,0.011346086294092294,0.010924701011656126,0.01113539365287421,-7.314340671928336
followup6w,w_EI,0.5,0.3027561466464232,True,2.567281220108454e-15,-5.629877330416944,0.0,5.629877330416944,0.15261523638909832,1.0901088313507021,0.15261522188357593,0.15264224348060518,0.011307511665849137,0.010901088313496121,0.01110429998967263,-7.627959951786159
followup6w,w_EI,0.6299605249474366,0.3814488421448877,True,2.4665322991450872e-15,-6.072106106693877,0.0,6.072106106693877,0.15225585160963565,1.087541797211683,0.15225582534110782,0.15228605995444813,0.011265034930943675,0.010875417972105953,0.011070226451524815,-7.9959636696328635
followup6w,w_EI,0.7937005259840998,0.4805954256763707,True,2.5691290053026715e-15,-6.5820114617287375,0.0,6.5820114617287375,0.1518696105097498,1.0847829322124984,0.15186956346062472,0.15190294112256436,0.011218860386071972,0.010847829322114136,0.011033344854093054,-8.42477253536669
followup6w,w_EI,1.0,0.6055122932928464,True,6.7196059400777425e-15,-7.165619920548243,0.0,7.165619920548243,0.15145852564587842,1.0818466117562744,0.15145844239573544,0.15149475843223606,0.011169285374411355,0.010818466117551924,0.010993875745981641,-8.921013713296105
followup6w,w_EI,1.2599210498948732,0.7628976842897754,True,1.4056355004652935e-13,-7.828877412182338,0.0,7.828877412182338,0.15102441695359312,1.0787458353828079,0.15102427163615237,0.1510631676975274,0.011116684268958605,0.010787458353817295,0.010952071311387951,-9.491455307556574
followup6w,w_EI,1.5874010519681994,0.9611908513527412,True,2.4336686349000077e-15,-8.577596950074339,0.0,8.577596950074339,0.15056878174028934,1.0754912981449238,0.15056853192662306,0.1506094887203307,0.011061490448534574,0.01075491298143848,0.010908201714986528,-10.142922720673331
followup6w,w_EI,1.9999999999999998,1.2110245865856926,True,2.782886459727134e-15,-9.417392881811123,0.0,9.417392881811123,0.15009282601748103,1.0720916144105788,0.15009240389657022,0.15013475152352215,0.011004178708632972,0.010720916144095066,0.010862547426364017,-10.882190372793533
followup6w,w_EI,2.5198420997897464,1.525795368579551,True,2.3243997900853552e-15,-10.353595093212496,0.0,10.353595093212496,0.14959764895798458,1.0685546354141755,0.14959694942023324,0.14963989848412737,0.010945249896036206,0.010685546354131072,0.010815398125083638,-11.71584572911287
followup6w,w_EI,3.1748021039363983,1.9223817027054821,True,2.9094622443137527e-15,-11.391141810693103,0.0,11.391141810693103,0.14908452908519315,1.0648894934656652,0.14908339515009783,0.14912608728162974,0.010885218564788439,0.010648894934646,0.01076705674971722,-12.650128050166428
followup6w,w_EI,4.0,2.4220491731713856,True,3.0543444077800246e-15,-12.534455957570684,0.0,12.534455957570684,0.1485552315005025,1.0611087964321606,0.14855343959094214,0.148595011117316,0.010824603222978874,0.010611087964310996,0.010717845593644935,-13.69075053281541
followup6w,w_IE,0.25,0.33935480243564864,True,6.079644538468553e-15,-9.885207844103643,0.0,9.885207844103643,0.09189441409342072,0.6563886720958623,0.09189175968246396,0.092643527858133,0.005862203401686837,0.006563886720952061,0.006213045061319449,-13.737653544135338
followup6w,w_IE,0.3149802624737183,0.4275602589715897,True,3.449379914555167e-13,-7.974959136961604,0.0,7.974959136961604,0.10785923370685639,0.770423097906117,0.10785659174353077,0.10863250162355957,0.00705817698883128,0.007704230979053468,0.007381203983942373,-12.110353302883503
followup6w,w_IE,0.39685026299204984,0.5386921703768092,True,5.704947747101273e-15,-5.647059445206991,0.0,5.647059445206991,0.1275315171570639,0.9109394082647421,0.12752923795909032,0.12823754931830986,0.008689705982402504,0.00910939408263831,0.008899550032520407,-10.127307039128226
followup6w,w_IE,0.5,0.6787096048712973,True,4.7450054068609026e-15,-3.549932354074855,0.0,3.549932354074855,0.1463533848606159,1.0453813204329705,0.14635189998859743,0.14686060511316928,0.010509096850289144,0.010453813204319252,0.010481455027304198,-7.996876732023703
followup6w,w_IE,0.6299605249474366,0.8551205179431794,True,3.468980626944125e-15,-3.9778070524484503,0.0,3.9778070524484503,0.152790591684572,1.0913613691755142,0.15279004135469393,0.15300264123984145,0.011258430883050832,0.010913613691744234,0.011086022287397534,-7.426513354807471
followup6w,w_IE,0.7937005259840998,1.0773843407536183,True,3.1914229369569288e-15,-5.665256935123638,0.0,5.665256935123638,0.1523102125062826,1.0879300893305899,0.15231001580867037,0.1523919347670667,0.011250873997589264,0.010879300893295018,0.011065087445442143,-8.147547273911714
followup6w,w_IE,1.0,1.3574192097425946,True,2.7233297824982413e-15,-7.165619920548212,0.0,7.165619920548212,0.15145852564588724,1.0818466117563375,0.15145844239574432,0.15149475843224455,0.01116928537441206,0.010818466117552555,0.010993875745982307,-8.92101371329612
followup6w,w_IE,1.2599210498948732,1.710241035886359,True,2.482372783282618e-15,-8.332823097300306,0.0,8.332823097300306,0.1508348357163332,1.0773916836880941,0.15083479977312844,0.15085099060532675,0.011099656288861505,0.010773916836870167,0.010936786562865838,-9.527920554506071
followup6w,w_IE,1.5874010519681994,2.1547686815072367,True,6.235362801867764e-15,-9.170122005477412,0.0,9.170122005477412,0.15042065244495795,1.0744332317496996,0.15042063826747556,0.1504271765989067,0.011049517525093432,0.01074433231748625,0.01089692492128984,-9.93314168067824
followup6w,w_IE,1.9999999999999998,2.7148384194851887,True,3.155195820609477e-13,-9.699838580386231,0.0,9.699838580386231,0.15017182755657194,1.0726559111183709,0.1501718228830065,0.1501740158857945,0.011017789813287068,0.01072655911117298,0.010872174462230023,-10.142212980112136
followup6w,w_IE,2.5198420997897464,3.420482071772718,True,2.102431035691237e-15,-9.967629181574946,0.0,9.967629181574946,0.15004966984406654,1.0717833560290466,0.15004966867380695,0.15005022447374636,0.011001606670152172,0.010717833560279746,0.01085972011521596,-10.190908066814577
followup6w,w_IE,3.1748021039363983,4.309537363014472,True,2.014734103170615e-15,-10.05044748050663,0.0,10.05044748050663,0.15001297798227978,1.0715212713019984,0.15001297778388983,0.1500130726272715,0.010996581318597352,0.010715212713009268,0.01085589701580331,-10.143270664855722
followup6w,w_IE,4.0,5.429676838970378,True,3.5526608440162495e-13,-10.042253899521603,0.0,10.042253899521603,0.15001787436740793,1.071556245481485,0.1500178743474876,0.15001788378081035,0.010997229547117435,0.010715562454804132,0.010856396000960784,-10.071902683028158
